{
  "trace": [
    {
      "objSize": 6000,
      "requests": {"1":[0, 0], "2": [0, 0],"3": [1, 0],"4": [0, 0],"5": [0, 0], "6": [0, 0],"7": [0, 0],"8":[10, 0], "9":[0, 0], "10":[0, 0],"11":[0, 0],"12": [0, 0],"13": [0, 0],"14":[0, 0],"15":[0, 0],"16": [1,0 ]},
    }
  ]
}

Successfully Opened users.json
Class name:  archive  Total days:  16  Cost:  80.6400798
Total Cost for Dynamic Classes:  80.6400798
Class name:  standard  Total days:  16  Cost:  138.0000048
Total Cost for Intelligent Tiering:  138.0000048
[{archive 16 16 16 80.6400798 6000 12 0 [0 0 3]}] 80.6400798
